{
    "https://rawg.io/": {
        "Main page Links": [
            "https://rawg.io/games/vampire-the-masquerade-bloodlines-2",
            "https://rawg.io/games/senuas-saga-hellblade-ii",
            "https://rawg.io/games/prince-of-persia-the-sands-of-time-remake",
            "https://rawg.io/games/project-eve-tba",
            "https://rawg.io/games/wolf-among-us-2",
            "https://rawg.io/games/rise-of-the-ronin",
            "https://rawg.io/games/path-of-exile-2",
            "https://rawg.io/games/manor-lords",
            "https://rawg.io/games/star-citizen",
            "https://rawg.io/games/open-roads",
            "https://rawg.io/games/flintlock-the-siege-of-dawn",
            "https://rawg.io/games/doronko-wanko",
            "https://rawg.io/games/assassins-creed-shadows",
            "https://rawg.io/games/another-crabs-treasure",
            "https://rawg.io/games/v-rising",
            "https://rawg.io/games/hollow-knight-silksong",
            "https://rawg.io/games/content-warning",
            "https://rawg.io/games/black-myth-wu-kong",
            "https://rawg.io/games/hades-ii",
            "https://rawg.io/games/death-stranding-2",
            "https://rawg.io/games/no-rest-for-the-wicked-2024",
            "https://rawg.io/games/grand-theft-aito-vi",
            "https://rawg.io/games/animal-well",
            "https://rawg.io/games/frostpunk-2",
            "https://rawg.io/games/little-kitty-big-city",
            "https://rawg.io/games/elden-ring-shadow-of-the-erdtree",
            "https://rawg.io/games/south-park-snow-day",
            "https://rawg.io/games/stalker-2",
            "https://rawg.io/games/dragons-dogma-2",
            "https://rawg.io/games/little-devil-inside",
            "https://rawg.io/games/alone-in-the-dark-2022",
            "https://rawg.io/games/warhammer-40000-space-marine-ii",
            "https://rawg.io/games/indika",
            "https://rawg.io/games/silent-hill-2-remake",
            "https://rawg.io/games/eiyuden-chronicle-hundred-heroes",
            "https://rawg.io/games/star-wars-outlaws",
            "https://rawg.io/games/harold-halibut",
            "https://rawg.io/games/test-drive-unlimited-solar-crown",
            "https://rawg.io/games/children-of-the-sun",
            "https://rawg.io/games/tom-clancys-xdefiant"
        ],
        "Game Names": [
            "Vampire: The Masquerade - Bloodlines 2",
            "Senua's Saga: Hellblade II",
            "Prince of Persia: The Sands of Time Remake",
            "Stellar Blade",
            "The Wolf Among Us 2",
            "Rise of the Ronin",
            "Path of Exile 2",
            "Manor Lords",
            "Star Citizen",
            "Open Roads",
            "Flintlock: The Siege of Dawn",
            "DORONKO WANKO",
            "Assassin's Creed Shadows",
            "Another Crab's Treasure",
            "V Rising",
            "Hollow Knight: Silksong",
            "Content Warning",
            "Black Myth: Wu Kong",
            "Hades II",
            "Death Stranding 2: On The Beach",
            "No Rest for the Wicked",
            "Grand Theft Auto VI",
            "Animal Well",
            "Frostpunk 2",
            "Little Kitty, Big City",
            "Elden Ring: Shadow of the Erdtree",
            "SOUTH PARK: SNOW DAY!",
            "S.T.A.L.K.E.R. 2: Heart of Chornobyl",
            "Dragon\u2019s Dogma 2",
            "Little Devil Inside",
            "Alone in the Dark",
            "Warhammer 40,000: Space Marine II",
            "Indika",
            "Silent Hill 2 (Remake)",
            "Eiyuden Chronicle: Hundred Heroes",
            "Star Wars Outlaws",
            "Harold Halibut",
            "Test Drive Unlimited Solar Crown",
            "Children of the Sun",
            "XDefiant"
        ],
        "Game Popularity": [
            "844",
            "366",
            "270",
            "135",
            "92",
            "76",
            "41",
            "58",
            "101",
            "36",
            "25",
            "63",
            "9",
            "24",
            "1,596",
            "251",
            "358",
            "113",
            "87",
            "51",
            "60",
            "44",
            "56",
            "31",
            "35",
            "18",
            "25",
            "729",
            "212",
            "140",
            "132",
            "68",
            "70",
            "39",
            "33",
            "30",
            "37",
            "27",
            "39",
            "46"
        ]
    },
    "https://rawg.io/games/pc": {
        "Main page Links": [
            "https://rawg.io/games/grand-theft-auto-v",
            "https://rawg.io/games/counter-strike-global-offensive",
            "https://rawg.io/games/left-4-dead-2",
            "https://rawg.io/games/bioshock-infinite",
            "https://rawg.io/games/half-life-2",
            "https://rawg.io/games/god-of-war-2",
            "https://rawg.io/games/doom",
            "https://rawg.io/games/cyberpunk-2077",
            "https://rawg.io/games/grand-theft-auto-iv",
            "https://rawg.io/games/warframe",
            "https://rawg.io/games/metal-gear-solid-v-the-phantom-pain",
            "https://rawg.io/games/the-witcher-2-assassins-of-kings-enhanced-edition",
            "https://rawg.io/games/the-walking-dead",
            "https://rawg.io/games/half-life-2-episode-one",
            "https://rawg.io/games/the-witcher-3-wild-hunt",
            "https://rawg.io/games/tomb-raider",
            "https://rawg.io/games/the-elder-scrolls-v-skyrim",
            "https://rawg.io/games/life-is-strange-episode-1-2",
            "https://rawg.io/games/bioshock",
            "https://rawg.io/games/limbo",
            "https://rawg.io/games/payday-2",
            "https://rawg.io/games/terraria",
            "https://rawg.io/games/dota-2",
            "https://rawg.io/games/metro-2033",
            "https://rawg.io/games/batman-arkham-knight",
            "https://rawg.io/games/grand-theft-auto-san-andreas",
            "https://rawg.io/games/apex-legends",
            "https://rawg.io/games/portal-2",
            "https://rawg.io/games/portal",
            "https://rawg.io/games/red-dead-redemption-2",
            "https://rawg.io/games/borderlands-2",
            "https://rawg.io/games/destiny-2",
            "https://rawg.io/games/fallout-4",
            "https://rawg.io/games/team-fortress-2",
            "https://rawg.io/games/horizon-zero-dawn"
        ],
        "Game Names": [
            "Grand Theft Auto V",
            "Counter-Strike: Global Offensive",
            "Left 4 Dead 2",
            "BioShock Infinite",
            "Half-Life 2",
            "God of War (2018)",
            "DOOM (2016)",
            "Cyberpunk 2077",
            "Grand Theft Auto IV",
            "Warframe",
            "Metal Gear Solid V: The Phantom Pain",
            "The Witcher 2: Assassins of Kings Enhanced Edition",
            "The Walking Dead: Season 1",
            "Half-Life 2: Episode One",
            "The Witcher 3: Wild Hunt",
            "Tomb Raider (2013)",
            "The Elder Scrolls V: Skyrim",
            "Life is Strange",
            "BioShock",
            "Limbo",
            "PAYDAY 2",
            "Terraria",
            "Dota 2",
            "Metro 2033",
            "Batman: Arkham Knight",
            "Grand Theft Auto: San Andreas",
            "Apex Legends",
            "Portal 2",
            "Portal",
            "Red Dead Redemption 2",
            "Borderlands 2",
            "Destiny 2",
            "Fallout 4",
            "Team Fortress 2",
            "Horizon Zero Dawn"
        ],
        "Game Popularity": [
            "20,344",
            "16,859",
            "16,181",
            "14,833",
            "14,265",
            "12,313",
            "12,745",
            "10,290",
            "12,177",
            "12,195",
            "11,186",
            "11,114",
            "10,978",
            "10,900",
            "19,605",
            "16,368",
            "15,372",
            "14,727",
            "13,467",
            "13,088",
            "13,121",
            "12,324",
            "12,316",
            "11,831",
            "11,144",
            "10,998",
            "11,046",
            "18,886",
            "16,144",
            "13,804",
            "14,810",
            "13,469",
            "12,963",
            "13,100",
            "11,659"
        ]
    },
    "https://rawg.io/games/playstation5": {
        "Main page Links": [
            "https://rawg.io/games/grand-theft-auto-v",
            "https://rawg.io/games/destiny-2",
            "https://rawg.io/games/marvels-spider-man",
            "https://rawg.io/games/jedi-the-fallen-order",
            "https://rawg.io/games/metro-exodus",
            "https://rawg.io/games/among-us",
            "https://rawg.io/games/the-last-of-us-part-2",
            "https://rawg.io/games/devil-may-cry-5",
            "https://rawg.io/games/ghost-of-tsushima",
            "https://rawg.io/games/sea-of-thieves",
            "https://rawg.io/games/final-fantasy-vii-remake",
            "https://rawg.io/games/deep-rock-galactic",
            "https://rawg.io/games/resident-evil-village",
            "https://rawg.io/games/deathloop-2",
            "https://rawg.io/games/the-witcher-3-wild-hunt",
            "https://rawg.io/games/cyberpunk-2077",
            "https://rawg.io/games/control",
            "https://rawg.io/games/hades-2018",
            "https://rawg.io/games/no-mans-sky",
            "https://rawg.io/games/disco-elysium",
            "https://rawg.io/games/subnautica",
            "https://rawg.io/games/borderlands-3",
            "https://rawg.io/games/oddworld-abes-oddysee",
            "https://rawg.io/games/fornite-battle-royale",
            "https://rawg.io/games/stray-2",
            "https://rawg.io/games/uncharted-legacy-of-thieves-collection",
            "https://rawg.io/games/sniper-elite-4",
            "https://rawg.io/games/the-elder-scrolls-v-skyrim",
            "https://rawg.io/games/warframe",
            "https://rawg.io/games/uncharted-4-a-thiefs-end",
            "https://rawg.io/games/tom-clancys-rainbow-six-siege-2",
            "https://rawg.io/games/doom-eternal",
            "https://rawg.io/games/elden-ring",
            "https://rawg.io/games/a-plague-tale-innocence",
            "https://rawg.io/games/dead-by-daylight"
        ],
        "Game Names": [
            "Grand Theft Auto V",
            "Destiny 2",
            "Marvel's Spider-Man",
            "Star Wars Jedi: Fallen Order",
            "Metro Exodus",
            "Among Us",
            "The Last of Us Part II",
            "Devil May Cry 5",
            "Ghost of Tsushima",
            "Sea of Thieves",
            "Final Fantasy VII",
            "Deep Rock Galactic",
            "Resident Evil: Village",
            "Deathloop",
            "The Witcher 3: Wild Hunt",
            "Cyberpunk 2077",
            "Control",
            "Hades",
            "No Man's Sky",
            "Disco Elysium",
            "Subnautica",
            "Borderlands 3",
            "Oddworld: Abe's Oddysee",
            "Fortnite Battle Royale",
            "Stray",
            "Uncharted: Legacy of Thieves Collection",
            "Sniper Elite 4",
            "The Elder Scrolls V: Skyrim",
            "Warframe",
            "Uncharted 4: A Thief\u2019s End",
            "Tom Clancy's Rainbow Six Siege",
            "DOOM Eternal",
            "Elden Ring",
            "A Plague Tale: Innocence",
            "Dead by Daylight"
        ],
        "Game Popularity": [
            "20,344",
            "13,469",
            "9,028",
            "8,223",
            "6,922",
            "7,124",
            "5,553",
            "5,411",
            "4,438",
            "5,160",
            "4,296",
            "4,614",
            "3,957",
            "3,594",
            "19,605",
            "10,290",
            "8,188",
            "7,518",
            "7,285",
            "6,416",
            "6,212",
            "5,177",
            "5,449",
            "5,090",
            "4,096",
            "4,353",
            "4,445",
            "15,372",
            "12,195",
            "8,574",
            "7,678",
            "6,313",
            "6,065",
            "5,750",
            "5,533"
        ]
    },
    "https://rawg.io/games/xbox-one": {
        "Main page Links": [
            "https://rawg.io/games/grand-theft-auto-v",
            "https://rawg.io/games/tomb-raider",
            "https://rawg.io/games/bioshock-infinite",
            "https://rawg.io/games/limbo",
            "https://rawg.io/games/payday-2",
            "https://rawg.io/games/grand-theft-auto-iv",
            "https://rawg.io/games/rise-of-the-tomb-raider",
            "https://rawg.io/games/grand-theft-auto-san-andreas",
            "https://rawg.io/games/shadow-of-mordor",
            "https://rawg.io/games/little-nightmares",
            "https://rawg.io/games/hotline-miami",
            "https://rawg.io/games/bioshock-remastered",
            "https://rawg.io/games/spec-ops-the-line",
            "https://rawg.io/games/wolfenstein-the-new-order",
            "https://rawg.io/games/the-witcher-3-wild-hunt",
            "https://rawg.io/games/the-elder-scrolls-v-skyrim",
            "https://rawg.io/games/life-is-strange-episode-1-2",
            "https://rawg.io/games/fallout-4",
            "https://rawg.io/games/cyberpunk-2077",
            "https://rawg.io/games/rocket-league",
            "https://rawg.io/games/metal-gear-solid-v-the-phantom-pain",
            "https://rawg.io/games/the-walking-dead",
            "https://rawg.io/games/hollow-knight",
            "https://rawg.io/games/hitman",
            "https://rawg.io/games/outlast",
            "https://rawg.io/games/far-cry-3",
            "https://rawg.io/games/alan-wake",
            "https://rawg.io/games/portal-2",
            "https://rawg.io/games/red-dead-redemption-2",
            "https://rawg.io/games/destiny-2",
            "https://rawg.io/games/doom",
            "https://rawg.io/games/terraria",
            "https://rawg.io/games/warframe",
            "https://rawg.io/games/batman-arkham-knight",
            "https://rawg.io/games/apex-legends"
        ],
        "Game Names": [
            "Grand Theft Auto V",
            "Tomb Raider (2013)",
            "BioShock Infinite",
            "Limbo",
            "PAYDAY 2",
            "Grand Theft Auto IV",
            "Rise of the Tomb Raider",
            "Grand Theft Auto: San Andreas",
            "Middle-earth: Shadow of Mordor",
            "Little Nightmares",
            "Hotline Miami",
            "BioShock Remastered",
            "Spec Ops: The Line",
            "Wolfenstein: The New Order",
            "The Witcher 3: Wild Hunt",
            "The Elder Scrolls V: Skyrim",
            "Life is Strange",
            "Fallout 4",
            "Cyberpunk 2077",
            "Rocket League",
            "Metal Gear Solid V: The Phantom Pain",
            "The Walking Dead: Season 1",
            "Hollow Knight",
            "Hitman",
            "Outlast",
            "Far Cry 3",
            "Alan Wake",
            "Portal 2",
            "Red Dead Redemption 2",
            "Destiny 2",
            "DOOM (2016)",
            "Terraria",
            "Warframe",
            "Batman: Arkham Knight",
            "Apex Legends"
        ],
        "Game Popularity": [
            "20,344",
            "16,368",
            "14,833",
            "13,088",
            "13,121",
            "12,177",
            "11,269",
            "10,998",
            "10,730",
            "10,405",
            "10,116",
            "9,967",
            "9,766",
            "9,570",
            "19,605",
            "15,372",
            "14,727",
            "12,963",
            "10,290",
            "12,204",
            "11,186",
            "10,978",
            "10,239",
            "10,116",
            "10,093",
            "9,884",
            "9,624",
            "18,886",
            "13,804",
            "13,469",
            "12,745",
            "12,324",
            "12,195",
            "11,144",
            "11,046"
        ]
    },
    "https://rawg.io/games/ios": {
        "Main page Links": [
            "https://rawg.io/games/life-is-strange-episode-1-2",
            "https://rawg.io/games/warframe",
            "https://rawg.io/games/stardew-valley",
            "https://rawg.io/games/journey",
            "https://rawg.io/games/xcom-enemy-unknown",
            "https://rawg.io/games/psychonauts",
            "https://rawg.io/games/alien-isolation",
            "https://rawg.io/games/layers-of-fear",
            "https://rawg.io/games/shadowrun-returns",
            "https://rawg.io/games/civilization-vi",
            "https://rawg.io/games/dead-cells",
            "https://rawg.io/games/fallout-shelter",
            "https://rawg.io/games/what-remains-of-edith-finch",
            "https://rawg.io/games/the-witness",
            "https://rawg.io/games/limbo",
            "https://rawg.io/games/grand-theft-auto-san-andreas",
            "https://rawg.io/games/grand-theft-auto-vice-city",
            "https://rawg.io/games/minecraft",
            "https://rawg.io/games/brutal-legend",
            "https://rawg.io/games/ark-survival-evolved",
            "https://rawg.io/games/brawlhalla",
            "https://rawg.io/games/the-wolf-among-us",
            "https://rawg.io/games/grand-theft-auto-iii",
            "https://rawg.io/games/fez",
            "https://rawg.io/games/call-of-duty-black-ops",
            "https://rawg.io/games/resident-evil-4",
            "https://rawg.io/games/goat-simulator",
            "https://rawg.io/games/terraria",
            "https://rawg.io/games/the-walking-dead",
            "https://rawg.io/games/bastion",
            "https://rawg.io/games/ark-survival-of-the-fittest",
            "https://rawg.io/games/brothers-a-tale-of-two-sons-2",
            "https://rawg.io/games/inside",
            "https://rawg.io/games/transistor",
            "https://rawg.io/games/among-us"
        ],
        "Game Names": [
            "Life is Strange",
            "Warframe",
            "Stardew Valley",
            "Journey",
            "XCOM: Enemy Unknown",
            "Psychonauts",
            "Alien: Isolation",
            "Layers of Fear",
            "Shadowrun Returns",
            "Sid Meier\u2019s Civilization VI",
            "Dead Cells",
            "Fallout Shelter",
            "What Remains of Edith Finch",
            "The Witness",
            "Limbo",
            "Grand Theft Auto: San Andreas",
            "Grand Theft Auto: Vice City",
            "Minecraft",
            "Brutal Legend",
            "ARK: Survival Evolved",
            "Brawlhalla",
            "The Wolf Among Us",
            "Grand Theft Auto III",
            "FEZ",
            "Call of Duty: Black Ops",
            "Resident Evil 4 (2005)",
            "Goat Simulator",
            "Terraria",
            "The Walking Dead: Season 1",
            "Bastion",
            "ARK: Survival Of The Fittest",
            "Brothers: A Tale of Two Sons",
            "INSIDE",
            "Transistor",
            "Among Us"
        ],
        "Game Popularity": [
            "14,727",
            "12,195",
            "9,603",
            "7,889",
            "8,028",
            "7,715",
            "7,441",
            "7,258",
            "6,866",
            "6,682",
            "6,215",
            "6,587",
            "5,799",
            "5,868",
            "13,088",
            "10,998",
            "9,083",
            "8,220",
            "7,951",
            "7,844",
            "7,568",
            "7,115",
            "6,835",
            "6,610",
            "6,522",
            "6,334",
            "6,203",
            "12,324",
            "10,978",
            "8,218",
            "8,189",
            "7,766",
            "7,420",
            "7,321",
            "7,124"
        ]
    },
    "https://rawg.io/games/android": {
        "Main page Links": [
            "https://rawg.io/games/portal",
            "https://rawg.io/games/half-life-2",
            "https://rawg.io/games/grand-theft-auto-san-andreas",
            "https://rawg.io/games/half-life-2-episode-two",
            "https://rawg.io/games/grand-theft-auto-vice-city",
            "https://rawg.io/games/ark-survival-of-the-fittest",
            "https://rawg.io/games/brothers-a-tale-of-two-sons-2",
            "https://rawg.io/games/batman-arkham-origins",
            "https://rawg.io/games/shadowrun-returns",
            "https://rawg.io/games/magicka",
            "https://rawg.io/games/fallout-shelter",
            "https://rawg.io/games/goat-simulator",
            "https://rawg.io/games/hotline-miami-2-wrong-number",
            "https://rawg.io/games/syberia-2",
            "https://rawg.io/games/life-is-strange-episode-1-2",
            "https://rawg.io/games/limbo",
            "https://rawg.io/games/the-walking-dead",
            "https://rawg.io/games/stardew-valley",
            "https://rawg.io/games/borderlands-the-pre-sequel",
            "https://rawg.io/games/xcom-enemy-unknown",
            "https://rawg.io/games/alien-isolation",
            "https://rawg.io/games/the-wolf-among-us",
            "https://rawg.io/games/grand-theft-auto-iii",
            "https://rawg.io/games/papers-please",
            "https://rawg.io/games/resident-evil-4",
            "https://rawg.io/games/grim-fandango-remastered",
            "https://rawg.io/games/the-walking-dead-season-2",
            "https://rawg.io/games/borderlands-2",
            "https://rawg.io/games/terraria",
            "https://rawg.io/games/half-life-2-episode-one",
            "https://rawg.io/games/super-meat-boy",
            "https://rawg.io/games/minecraft",
            "https://rawg.io/games/middle-earth-shadow-of-war",
            "https://rawg.io/games/brawlhalla",
            "https://rawg.io/games/among-us"
        ],
        "Game Names": [
            "Portal",
            "Half-Life 2",
            "Grand Theft Auto: San Andreas",
            "Half-Life 2: Episode Two",
            "Grand Theft Auto: Vice City",
            "ARK: Survival Of The Fittest",
            "Brothers: A Tale of Two Sons",
            "Batman: Arkham Origins",
            "Shadowrun Returns",
            "Magicka",
            "Fallout Shelter",
            "Goat Simulator",
            "Hotline Miami 2: Wrong Number",
            "Syberia 2",
            "Life is Strange",
            "Limbo",
            "The Walking Dead: Season 1",
            "Stardew Valley",
            "Borderlands: The Pre-Sequel",
            "XCOM: Enemy Unknown",
            "Alien: Isolation",
            "The Wolf Among Us",
            "Grand Theft Auto III",
            "Papers, Please",
            "Resident Evil 4 (2005)",
            "Grim Fandango Remastered",
            "The Walking Dead: Season 2",
            "Borderlands 2",
            "Terraria",
            "Half-Life 2: Episode One",
            "Super Meat Boy",
            "Minecraft",
            "Middle-earth: Shadow of War",
            "Brawlhalla",
            "Among Us"
        ],
        "Game Popularity": [
            "16,144",
            "14,265",
            "10,998",
            "10,800",
            "9,083",
            "8,189",
            "7,766",
            "7,360",
            "6,866",
            "6,802",
            "6,587",
            "6,203",
            "5,923",
            "5,749",
            "14,727",
            "13,088",
            "10,978",
            "9,603",
            "8,690",
            "8,028",
            "7,441",
            "7,115",
            "6,835",
            "6,542",
            "6,334",
            "5,946",
            "5,914",
            "14,810",
            "12,324",
            "10,900",
            "9,152",
            "8,220",
            "7,764",
            "7,568",
            "7,124"
        ]
    }
}